team,season,w,w_pct,playoffs,cap,qb,rb,wr,te,ol,edge,lb,cb,offense,defense,qb_p,wr_p,defense_p,dead_open_specials,wins_per_10m_qb,dead_cap_pct,offense_spend_pct,defense_spend_pct,points,points_opp,points_diff,turnover_pct,total_yards,pass_yds,rush_yds
Arizona Cardinals,2022,4,0.235,0,208200000,16348925,6213758,24621833,7121287,44681251,9842220,15369345,7124107,98987054,75445871,0.079,0.118,0.362,0.1621857588856867,2.45,16.22,0.475,0.362,340,449,-109,12.8,5499,3626,1873
Atlanta Falcons,2022,7,0.412,0,208200000,6303695,4894510,9535858,10678128,32848444,6077102,4917321,14033033,64260635,47600046,0.03,0.046,0.229,0.4627248751200767,11.1,46.27,0.309,0.229,365,386,-21,11.4,5417,2699,2718
Baltimore Ravens,2022,10,0.588,1,208200000,24100655,8179654,7616822,12307075,38678276,14877531,7852081,32103215,90882482,78094652,0.116,0.037,0.375,0.1883903266090297,4.15,18.84,0.437,0.375,350,315,35,11.7,5760,3040,2720
Buffalo Bills,2022,13,0.813,1,208200000,20230481,7299886,18982654,4501683,29350967,12078022,24091768,26310989,80365671,97091071,0.097,0.091,0.466,0.1476621421709893,6.43,14.77,0.386,0.466,455,286,169,15.2,6361,4129,2232
Carolina Panthers,2022,7,0.412,0,208200000,20461726,3829960,12882679,5253310,33291588,9462303,23312667,16752502,75719263,67736220,0.098,0.062,0.325,0.3109727041306436,3.42,31.1,0.364,0.325,347,374,-27,9.6,5206,2996,2210
Chicago Bears,2022,3,0.176,0,208200000,6917413,4900984,11115639,5756091,27473483,5649095,6862834,5518865,56163610,50166106,0.033,0.053,0.241,0.4892905091258406,4.34,48.93,0.27,0.241,326,463,-137,12.7,5233,2219,3014
Cincinnati Bengals,2022,12,0.75,1,208200000,11332371,15533810,22298088,7324969,30652020,24666921,7997820,20293823,87141258,105344760,0.054,0.107,0.506,0.075475417867435,10.59,7.55,0.419,0.506,418,322,96,9.7,5768,4240,1528
Cleveland Browns,2022,7,0.412,0,208200000,14942928,14503104,11614046,6171535,37805257,19071235,9826334,12414924,85036870,62554737,0.072,0.056,0.3,0.2911065946205571,4.68,29.11,0.408,0.3,361,381,-20,11.2,5934,3444,2490
Dallas Cowboys,2022,12,0.706,1,208200000,21325834,20945082,13438525,13499164,41380342,19438110,11775184,18798262,110588947,67668548,0.102,0.065,0.325,0.1438160662824208,5.63,14.38,0.531,0.325,467,342,125,10.8,6034,3736,2298
Denver Broncos,2022,5,0.294,0,208200000,18082500,6405499,19436070,5262023,43074703,10635344,6989055,22834821,92260795,77480617,0.087,0.093,0.372,0.1847194428434198,2.77,18.47,0.443,0.372,287,359,-72,10.6,5527,3592,1935
Detroit Lions,2022,9,0.529,0,208200000,32219500,9162629,14045393,2328750,41941085,28277728,8275184,18071989,99697357,76298015,0.155,0.067,0.366,0.1546812103746397,2.79,15.47,0.479,0.366,453,427,26,8.0,6460,4281,2179
Houston Texans,2022,3,0.206,0,208200000,3856318,5480218,16068691,3710583,37408894,15929240,12683243,16819387,66524704,62372752,0.019,0.077,0.3,0.3808959846301634,7.78,38.09,0.32,0.3,289,420,-131,13.6,4820,3344,1476
Indianapolis Colts,2022,4,0.265,0,208200000,22163558,3818974,9081436,9255943,42356344,22019573,20698461,21899515,86676255,99012101,0.106,0.044,0.476,0.1081250912584053,1.8,10.81,0.416,0.476,289,427,-138,16.9,5298,3432,1866
Jacksonville Jaguars,2022,9,0.529,1,208200000,11319156,5232412,29108793,16652093,28354461,29701227,11848942,28605261,90666915,103588452,0.054,0.14,0.498,0.0669771037463976,7.95,6.7,0.435,0.498,404,350,54,12.2,6075,3959,2116
Kansas City Chiefs,2022,14,0.824,1,208200000,38825381,6354516,17174008,11542063,32124103,21080281,5261411,5600619,106020071,77780495,0.186,0.082,0.374,0.1171922862632084,3.61,11.72,0.509,0.374,496,369,127,10.1,7032,5062,1970
Las Vegas Raiders,2022,6,0.353,0,208200000,20418333,9227435,19243265,15179098,17819365,27221208,7958161,10529295,81887496,58924941,0.098,0.092,0.283,0.3236674495677233,2.94,32.37,0.393,0.283,395,418,-23,12.2,5993,3934,2059
Los Angeles Chargers,2022,10,0.588,1,208200000,10283406,9875576,37838148,6820248,31772859,41335618,9663825,21839498,96590237,99906030,0.049,0.182,0.48,0.0562138952929874,9.72,5.62,0.464,0.48,391,384,7,9.5,6108,4584,1524
Los Angeles Rams,2022,5,0.294,0,208200000,16649944,2816993,28497273,5474116,20272409,9516649,5686025,30915195,73710735,95787849,0.08,0.137,0.46,0.1858857636887607,3.0,18.59,0.354,0.46,307,384,-77,13.1,4769,3108,1661
Miami Dolphins,2022,9,0.529,1,208200000,15532211,6283012,22148490,19623554,25147971,16107979,15828692,29180509,88735238,93927110,0.075,0.106,0.451,0.1226592315081651,5.79,12.27,0.426,0.451,397,399,-2,11.8,6197,4511,1686
Minnesota Vikings,2022,13,0.765,1,208200000,32714868,15003672,20983931,4284548,23308381,19943129,19514329,10659606,96295400,77669210,0.157,0.101,0.373,0.1644351104707012,3.97,16.44,0.463,0.373,424,427,-3,11.7,6145,4484,1661
New England Patriots,2022,8,0.471,0,208200000,6453362,5591629,35197112,23907622,26861818,22426262,8224132,19990358,98011543,86551703,0.031,0.169,0.416,0.1135290778097982,12.4,11.35,0.471,0.416,364,347,17,12.0,5348,3536,1812
New Orleans Saints,2022,7,0.412,0,208200000,7103500,9824543,25618265,7923351,31639451,22420038,11770496,15450274,82109110,71895367,0.034,0.123,0.345,0.2603051056676273,9.85,26.03,0.394,0.345,330,345,-15,12.9,5674,3692,1982
New York Giants,2022,9,0.559,1,208200000,11387502,9341218,33814024,964500,29496146,11294138,3987964,15143232,85003390,60436066,0.055,0.162,0.29,0.30144353506244,7.9,30.14,0.408,0.29,365,371,-6,7.3,5676,3157,2519
New York Jets,2022,7,0.412,0,208200000,14312222,4608666,25719256,8380587,46776978,33306114,10709069,16520137,99797709,89799725,0.069,0.124,0.431,0.0893495004803073,4.89,8.93,0.479,0.431,296,316,-20,11.9,5409,3723,1686
Philadelphia Eagles,2022,14,0.824,1,208200000,5008230,5245906,13659798,6148811,37545173,21673435,6090121,17532680,67607918,81457398,0.024,0.066,0.391,0.2840282612872238,27.95,28.4,0.325,0.391,477,344,133,10.2,6614,4105,2509
Pittsburgh Steelers,2022,9,0.529,0,208200000,10257801,5678067,15219777,3360462,18038971,27954767,16767187,16048278,52555078,109904115,0.049,0.073,0.528,0.2196964793467819,8.77,21.97,0.252,0.528,308,346,-38,9.6,5484,3411,2073
San Francisco 49ers,2022,13,0.765,1,208200000,22715235,3134553,15039393,10376509,29524154,25268938,16541317,14537091,80789844,92432288,0.109,0.072,0.444,0.1680012872238232,5.72,16.8,0.388,0.444,450,277,173,9.1,6216,3856,2360
Seattle Seahawks,2022,9,0.529,1,208200000,5309222,9510195,23912230,7941161,23568919,16138952,10206077,7838060,70241727,76666063,0.026,0.115,0.368,0.2943910182516811,16.95,29.44,0.337,0.368,407,401,6,11.2,5976,3934,2042
Tampa Bay Buccaneers,2022,8,0.471,1,208200000,15762231,7606106,25649717,6774488,36945947,13044679,26999723,16467478,92738489,79748529,0.076,0.123,0.383,0.1715320941402498,5.08,17.15,0.445,0.383,313,358,-45,10.3,5894,4586,1308
Tennessee Titans,2022,7,0.412,0,208200000,39710700,11960977,14123712,6991640,29697377,27135472,8756546,11447369,102484406,77891668,0.191,0.068,0.374,0.1336403746397694,1.76,13.36,0.492,0.374,298,359,-61,10.5,5045,2914,2131
Washington Commanders,2022,8,0.5,0,208200000,32853576,5121964,28411119,9657546,35455377,17081969,9648261,15391044,111499582,68832037,0.158,0.136,0.331,0.1338538952929875,2.44,13.39,0.536,0.331,321,343,-22,11.7,5615,3472,2143
Green Bay Packers,2022,8,0.471,0,208200000,32117878,7807590,12102936,9967867,31221736,18660198,9700624,15826881,93218007,82345262,0.154,0.058,0.396,0.1567566330451488,2.49,15.68,0.448,0.396,370,371,-1,11.3,5745,3632,2113
Arizona Cardinals,2021,11,0.647,1,182500000,11081777,4387168,22461209,10860784,38223833,33036833,17081727,5346723,87014771,84877569,0.061,0.123,0.465,0.0581241643835616,9.93,5.81,0.477,0.465,449,366,83,7.8,6352,4276,2076
Atlanta Falcons,2021,7,0.412,0,182500000,29429000,3371749,12173921,10820907,28356946,13833204,10355974,8919054,84152523,67024657,0.161,0.067,0.367,0.1716318904109589,2.38,17.16,0.461,0.367,313,459,-146,14.7,5164,3713,1451
Baltimore Ravens,2021,8,0.471,0,182500000,4028597,7300004,14428685,10494617,26461996,9520273,8917743,31470976,62713899,90073466,0.022,0.079,0.494,0.1628089589041095,19.86,16.28,0.344,0.494,387,392,-5,13.3,6440,3961,2479
Buffalo Bills,2021,11,0.647,1,182500000,12943981,4749059,22340141,2152750,32975145,24237883,23070184,13341560,75161076,95665994,0.071,0.122,0.524,0.0639612602739725,8.5,6.4,0.412,0.524,483,289,194,11.3,6493,4284,2209
Carolina Panthers,2021,5,0.294,0,182500000,11654685,8710326,16677314,4033313,21170301,11028902,10498344,19983381,62245939,64342424,0.064,0.091,0.353,0.3063651342465754,4.29,30.64,0.341,0.353,304,404,-100,14.9,5081,3239,1842
Chicago Bears,2021,6,0.353,0,182500000,15162197,6793142,23816178,9074724,18806298,29052430,14937106,6517421,73652539,86319081,0.083,0.13,0.473,0.1234431780821918,3.96,12.34,0.404,0.473,311,407,-96,15.2,5225,3207,2018
Cincinnati Bengals,2021,10,0.588,1,182500000,9918102,11151410,20240018,8811429,25634500,18701932,6670520,32331140,75755459,94285469,0.054,0.111,0.517,0.0682688876712329,10.08,6.83,0.415,0.517,460,376,84,10.0,6145,4403,1742
Cleveland Browns,2021,8,0.471,0,182500000,17953574,12035178,18397436,16112858,48082696,18031468,8430221,16475385,112581742,58476564,0.098,0.101,0.32,0.0626942136986301,4.46,6.27,0.617,0.32,349,371,-22,12.4,5791,3320,2471
Dallas Cowboys,2021,12,0.706,1,182500000,19135600,9421449,33396526,8390452,33054614,31773423,11100359,15221629,103398641,71505555,0.105,0.183,0.392,0.0416208438356163,6.27,4.16,0.567,0.392,530,358,172,9.9,6919,4800,2119
Denver Broncos,2021,7,0.412,0,182500000,7063475,12823198,15644823,5387629,27755031,12395715,10360250,28883123,68674156,75716430,0.039,0.086,0.415,0.208818706849315,9.91,20.88,0.376,0.415,335,322,13,9.5,5618,3593,2025
Detroit Lions,2021,3,0.206,0,182500000,14042071,5166911,5166732,6768589,30734194,28999584,6343876,11531638,61878497,64006327,0.077,0.028,0.351,0.3102201424657533,2.14,31.02,0.339,0.351,325,467,-142,12.9,5484,3598,1886
Houston Texans,2021,4,0.235,0,182500000,22848835,8294192,11736292,5623184,29182608,6488018,13244544,13021581,77685111,56331692,0.125,0.064,0.309,0.2656613534246574,1.75,26.57,0.426,0.309,280,452,-172,11.2,4727,3305,1422
Indianapolis Colts,2021,9,0.529,0,182500000,22136113,6827157,16192231,10466191,43792546,11329895,13284980,17788830,99414238,78052981,0.121,0.089,0.428,0.0275768821917807,4.07,2.76,0.545,0.428,451,365,86,8.9,5901,3361,2540
Jacksonville Jaguars,2021,3,0.176,0,182500000,8947733,6466686,14495851,6349550,51489049,18128257,17240543,14101980,87748869,69151537,0.049,0.079,0.379,0.1402717479452054,3.35,14.03,0.481,0.379,253,457,-204,15.7,5191,3436,1755
Kansas City Chiefs,2021,12,0.706,1,182500000,9351714,5433901,22867909,9570894,18617755,29594317,15978427,9058130,65842173,96721907,0.051,0.125,0.53,0.1092379178082191,12.83,10.92,0.361,0.53,480,364,116,13.7,6746,4791,1955
Las Vegas Raiders,2021,10,0.588,1,182500000,25765000,10563364,5819855,8743209,32231713,18564836,19055704,9303864,83123141,64951515,0.141,0.032,0.356,0.1886320219178081,3.88,18.86,0.455,0.356,374,439,-65,12.8,6184,4567,1617
Los Angeles Chargers,2021,9,0.529,0,182500000,8035281,8542094,34801898,7986554,32588937,25210644,8301664,22630464,91954764,83619581,0.044,0.191,0.458,0.0379487945205478,11.2,3.79,0.504,0.458,474,459,15,12.0,6634,4800,1834
Los Angeles Rams,2021,12,0.706,1,182500000,21515000,6524693,15345744,8559019,19911195,10301210,2935466,17562194,71855651,59995610,0.118,0.084,0.329,0.2775273369863014,5.58,27.75,0.394,0.329,460,372,88,12.2,6325,4642,1683
Miami Dolphins,2021,9,0.529,0,182500000,11954381,5920953,38584072,10306584,16909929,11270090,9884867,34411144,83675919,81630319,0.066,0.211,0.447,0.0942123945205479,7.53,9.42,0.458,0.447,341,373,-32,12.4,5219,3651,1568
Minnesota Vikings,2021,8,0.471,0,182500000,33286933,7166003,14628459,4765830,18976157,17192697,23783390,12555136,78823382,80144960,0.182,0.08,0.439,0.1289405917808219,2.4,12.89,0.432,0.439,425,426,-1,6.6,6168,4238,1930
New England Patriots,2021,10,0.588,1,182500000,4645686,5995321,17865475,15278024,29626483,17559662,22789047,20534652,73410989,91311856,0.025,0.098,0.5,0.0974090684931506,21.53,9.74,0.402,0.5,462,303,159,12.6,6008,3857,2151
New Orleans Saints,2021,9,0.529,0,182500000,4266117,8210277,14666168,11853791,29430260,16877510,11701382,8281114,68426613,63994097,0.023,0.08,0.351,0.2744070684931506,21.1,27.44,0.375,0.351,364,335,29,8.7,5177,3186,1991
New York Giants,2021,4,0.235,0,182500000,8984088,14243098,17100319,13588566,30547004,6332731,11369889,20717406,84463075,72470967,0.049,0.094,0.397,0.1400874410958904,4.45,14.01,0.463,0.397,258,416,-158,15.9,4884,3196,1688
New York Jets,2021,4,0.235,0,182500000,7962377,3954009,29573413,6176082,45637619,17880400,16904572,6983190,93303500,76385127,0.044,0.162,0.419,0.070199304109589,5.02,7.02,0.511,0.419,310,504,-194,14.4,5208,3541,1667
Philadelphia Eagles,2021,9,0.529,1,182500000,2622691,3587095,10234216,5787910,38148853,16619103,5457482,15124292,60380765,64215696,0.014,0.056,0.352,0.3172796657534247,34.32,31.73,0.331,0.352,444,385,59,9.2,6119,3404,2715
Pittsburgh Steelers,2021,9,0.559,1,182500000,29853066,5480165,8548274,6995881,15125238,10365229,11332162,21940345,66002624,74038436,0.164,0.047,0.406,0.2326517260273972,3.01,23.27,0.362,0.406,343,398,-55,9.5,5361,3778,1583
San Francisco 49ers,2021,10,0.588,1,182500000,33349156,8755882,9519367,7605421,29961607,25138133,7616028,12969437,89191433,76229281,0.183,0.052,0.418,0.0935851287671232,3.0,9.36,0.489,0.418,427,365,62,11.5,6387,4221,2166
Seattle Seahawks,2021,7,0.412,0,182500000,33507500,8917195,12939419,6010177,26938287,11869192,24484624,6760542,88312578,63519571,0.184,0.071,0.348,0.1680430191780821,2.09,16.8,0.484,0.348,395,366,29,7.0,5506,3432,2074
Tampa Bay Buccaneers,2021,13,0.765,1,182500000,13552013,7903400,27844841,11246722,32632000,20874895,14636136,10080486,93178976,70636376,0.074,0.153,0.387,0.1023816328767122,9.59,10.24,0.511,0.387,511,353,158,9.8,6901,5229,1672
Tennessee Titans,2021,12,0.706,1,182500000,12020333,15512770,9832138,7244014,41177168,10731638,10537795,11198678,85786423,60650943,0.066,0.054,0.332,0.1976034739726027,9.98,19.76,0.47,0.332,419,354,65,13.0,5822,3418,2404
Washington Football Team,2021,7,0.412,0,182500000,13591944,3951831,11023030,7081381,43517622,13948471,10373793,22097770,79165808,89518639,0.074,0.06,0.491,0.0757016602739726,5.15,7.57,0.434,0.491,335,434,-99,13.4,5502,3441,2061
Green Bay Packers,2021,13,0.765,1,182500000,30581060,6594753,25476456,6298940,25662744,30741794,3709686,10494161,94613953,72106802,0.168,0.14,0.395,0.0864616164383562,4.25,8.65,0.518,0.395,450,371,79,6.4,6215,4315,1900
Arizona Cardinals,2020,8,0.5,0,198200000,9578101,10593827,23209798,5105235,29353069,32876967,18224888,25002424,77840030,95827303,0.048,0.117,0.483,0.1237773309788092,8.35,12.38,0.393,0.483,410,367,43,11.7,6153,3916,2237
Atlanta Falcons,2020,4,0.25,0,198200000,21507782,9372815,26854214,3078558,35991007,14691090,13006119,7025458,96804376,70312555,0.109,0.135,0.355,0.156826786074672,1.86,15.68,0.488,0.355,396,414,-18,10.3,5895,4363,1532
Baltimore Ravens,2020,11,0.688,1,198200000,5966788,8155745,12794229,8389562,21116613,25887415,7122223,36177351,56422937,103030523,0.03,0.065,0.52,0.195492129162462,18.44,19.55,0.285,0.52,468,303,165,10.6,5810,2739,3071
Buffalo Bills,2020,13,0.813,1,198200000,8756449,5465493,34088188,10368680,38644130,31426602,16731863,20736847,97322940,106777872,0.044,0.172,0.539,-0.029772008072654,14.85,-2.98,0.491,0.539,501,375,126,11.8,6343,4620,1723
Carolina Panthers,2020,5,0.313,0,198200000,15601427,12031841,16714487,2979798,35976093,11266370,12158932,4327671,83303646,63939810,0.079,0.084,0.323,0.2570965893037336,3.2,25.71,0.42,0.323,350,402,-52,13.2,5592,3888,1704
Chicago Bears,2020,8,0.5,1,198200000,16294775,5188323,25075558,10102779,29765996,34953918,11570430,22163187,86427431,99730598,0.082,0.127,0.503,0.0607566649848638,4.91,6.08,0.436,0.503,372,370,2,12.0,5302,3655,1647
Cincinnati Bengals,2020,4,0.281,0,198200000,7882344,10305900,37184947,9965411,27247745,4182486,5961669,27676010,92586347,80236472,0.04,0.188,0.405,0.1280382492431886,5.07,12.8,0.467,0.405,311,424,-113,12.8,5116,3448,1668
Cleveland Browns,2020,11,0.688,1,198200000,11937673,6893053,33178607,8176049,40583203,26132262,6861412,18075490,100768585,78655101,0.06,0.167,0.397,0.0947341775983854,9.21,9.47,0.508,0.397,408,419,-11,9.7,5913,3539,2374
Dallas Cowboys,2020,6,0.375,0,198200000,35728728,12355915,18148958,6554264,27902811,14629219,18552489,9660756,100690676,61442533,0.18,0.092,0.31,0.1819717003027245,1.68,18.2,0.508,0.31,395,473,-78,14.4,5949,4161,1788
Denver Broncos,2020,5,0.313,0,198200000,3938956,9025620,9316695,7139192,24536776,36419854,3752646,20138402,53957239,110967147,0.02,0.047,0.56,0.1678890716448031,12.69,16.79,0.272,0.56,323,446,-123,17.0,5369,3451,1918
Detroit Lions,2020,5,0.313,0,198200000,23776471,4561066,17671718,10449973,22917842,26497026,16088641,27875270,79377070,87247078,0.12,0.089,0.44,0.1593130776992937,2.1,15.93,0.4,0.44,377,519,-142,11.2,5603,4104,1499
Houston Texans,2020,4,0.25,0,198200000,14334715,16353897,23107507,6027564,37592815,16478521,17873795,15354867,97416498,80495173,0.072,0.117,0.406,0.1023629112008073,2.79,10.24,0.492,0.406,384,464,-80,9.8,6004,4538,1466
Indianapolis Colts,2020,11,0.688,1,198200000,47105566,5629641,19415611,10806164,50913166,15097967,7983967,13393415,133870148,77776744,0.238,0.098,0.392,-0.0678450655903128,2.34,-6.78,0.675,0.392,451,362,89,8.8,6049,4053,1996
Jacksonville Jaguars,2020,1,0.063,0,198200000,2218968,4284150,13008642,7035664,34261623,10129711,24171380,15313716,60809047,64710287,0.011,0.066,0.326,0.3667036629667003,4.51,36.67,0.307,0.326,306,492,-186,14.0,5218,3699,1519
Kansas City Chiefs,2020,14,0.875,1,198200000,7250503,5099201,36777928,12578400,36669047,27380548,21534268,7893856,98375079,98390263,0.037,0.186,0.496,0.0072384359233097,19.31,0.72,0.496,0.496,473,362,111,9.2,6653,4854,1799
Las Vegas Raiders,2020,8,0.5,0,198200000,31625000,8300028,18214691,15657398,53138925,18222524,16390125,8384032,126936042,76371305,0.16,0.092,0.385,-0.0257686528758829,2.53,-2.58,0.64,0.385,434,478,-44,14.8,6133,4217,1916
Los Angeles Chargers,2020,7,0.438,0,198200000,13077156,7122592,19513770,16077000,32040903,34806798,15450481,22250416,87831421,91906684,0.066,0.098,0.464,0.0931478052472249,5.35,9.31,0.443,0.464,384,426,-42,8.6,6113,4329,1784
Los Angeles Rams,2020,10,0.625,1,198200000,29742082,4617451,16494036,12714317,22942443,12064881,3154812,12460591,86510329,67735450,0.15,0.083,0.342,0.2217670080726539,3.36,22.18,0.436,0.342,372,296,76,12.5,6032,4014,2018
Miami Dolphins,2020,10,0.625,0,198200000,13738107,6048483,12934747,5150508,25769545,30184088,9679600,34531218,63641390,98879787,0.069,0.065,0.499,0.1800142431886982,7.28,18.0,0.321,0.499,404,338,66,11.0,5424,3736,1688
Minnesota Vikings,2020,7,0.438,0,198200000,22173100,7162164,17888635,11517438,17340511,11670056,24254783,7944494,76081848,76575397,0.112,0.09,0.386,0.2297818113017153,3.16,22.98,0.384,0.386,430,475,-45,12.5,6292,4009,2283
New England Patriots,2020,7,0.438,0,198200000,3605328,11650746,18385266,2423440,37449919,10921606,2456912,40532199,73514699,81153631,0.018,0.093,0.409,0.2196350655903127,19.42,21.96,0.371,0.409,326,353,-27,12.1,5236,2890,2346
New Orleans Saints,2020,12,0.75,1,198200000,29615000,10071475,15770933,12818826,26828544,14776363,14017409,15982911,95104778,67121654,0.149,0.08,0.339,0.1815013521695256,4.05,18.15,0.48,0.339,482,337,145,9.0,6023,3758,2265
New York Giants,2020,6,0.375,0,198200000,8405304,13923430,23880958,7419447,35630875,7290295,16794724,13037624,89260014,76168329,0.042,0.12,0.384,0.1653464026236124,7.14,16.53,0.45,0.384,280,357,-77,12.6,4794,3026,1768
New York Jets,2020,2,0.125,0,198200000,10741087,2359512,20094445,6041573,30068651,7043171,16895382,9088228,69305268,60188028,0.054,0.101,0.304,0.346653400605449,1.86,34.67,0.35,0.304,243,457,-214,10.9,4479,2796,1683
Philadelphia Eagles,2020,4,0.281,0,198200000,21452022,3762174,29943350,15435113,39993612,12152197,5348034,8624266,110586271,61632914,0.108,0.151,0.311,0.1310838294651867,1.86,13.11,0.558,0.311,334,418,-84,15.3,5354,3327,2027
Pittsburgh Steelers,2020,12,0.75,1,198200000,25787420,3152932,5904043,8917978,34322786,20928988,14097958,22491577,78085159,96997006,0.13,0.03,0.489,0.1166389253279516,4.65,11.66,0.394,0.489,416,312,104,8.5,5354,4003,1351
San Francisco 49ers,2020,6,0.375,0,198200000,28656986,12651495,11274168,8237185,34553407,27179317,4658200,23135002,95373241,80393052,0.145,0.057,0.406,0.1131872199798182,2.09,11.32,0.481,0.406,376,390,-14,14.8,5922,4033,1889
Seattle Seahawks,2020,12,0.75,1,198200000,32063900,9951728,16222301,12094038,26646044,11274881,33886063,10554173,96978011,79394283,0.162,0.082,0.401,0.1101296972754792,3.74,11.01,0.489,0.401,459,371,88,10.1,5912,3941,1971
Tampa Bay Buccaneers,2020,11,0.688,1,198200000,27556500,6969905,14576858,19792747,40217623,29946760,19483225,6385738,109113633,80547271,0.139,0.074,0.406,0.0430832290615539,3.99,4.31,0.551,0.406,492,355,137,8.9,6145,4626,1519
Tennessee Titans,2020,11,0.688,1,198200000,23182000,8686298,21162541,6544772,47116265,15690717,7625164,22134071,106691876,72614032,0.117,0.107,0.366,0.095328415741675,4.75,9.53,0.538,0.366,491,439,52,7.2,6343,3653,2690
Washington Football Team,2020,7,0.438,1,198200000,21143235,4636838,5094070,5735630,37529075,23435574,10601855,12168640,74138848,78666680,0.107,0.026,0.397,0.2290336629667002,3.31,22.9,0.374,0.397,335,329,6,13.1,5076,3465,1611
Green Bay Packers,2020,13,0.813,1,198200000,24645540,7058628,20521932,5301804,47239400,35768583,8225930,9592282,104767304,83658205,0.124,0.104,0.422,0.0493163017154389,5.27,4.93,0.529,0.422,509,369,140,5.6,6224,4106,2118
Arizona Cardinals,2019,5,0.344,0,188200000,8296599,12140266,16674681,3588603,34014338,21964198,7709824,17466133,74714487,62594225,0.044,0.089,0.333,0.2704106695005313,6.03,27.04,0.397,0.333,361,442,-81,10.1,5467,3477,1990
Atlanta Falcons,2019,7,0.438,0,188200000,18063000,9484109,15332230,5258881,36609416,10698868,21102931,17012133,84747636,76277258,0.096,0.081,0.405,0.1443948246546227,3.88,14.44,0.45,0.405,381,399,-18,13.2,6075,4714,1361
Baltimore Ravens,2019,14,0.875,1,188200000,4187820,4647747,12405040,6811187,24600941,5276260,5177136,39039526,52652735,93529837,0.022,0.066,0.497,0.2232594473963868,33.43,22.33,0.28,0.497,531,282,249,8.4,6521,3225,3296
Buffalo Bills,2019,10,0.625,1,188200000,6713826,4562191,18785529,10198933,31194376,26135699,11160531,7549959,71454855,78780203,0.036,0.1,0.419,0.2017265781083953,14.89,20.17,0.38,0.419,314,259,55,10.2,5283,3229,2054
Carolina Panthers,2019,5,0.313,0,188200000,24395545,6283177,9197102,9028498,22616326,18490862,22276998,7357669,71520648,87111377,0.13,0.049,0.463,0.1571093251859723,2.05,15.71,0.38,0.463,340,470,-130,16.7,5469,3650,1819
Chicago Bears,2019,8,0.5,0,188200000,14055437,1792775,28561458,12492121,19864821,19067986,16116704,30304445,76766612,89478834,0.075,0.152,0.475,0.1166554410201913,5.69,11.67,0.408,0.475,280,298,-18,10.3,4749,3291,1458
Cincinnati Bengals,2019,2,0.125,0,188200000,17389080,7753530,28740271,10882654,32697458,13617308,4597140,23542739,97462993,67210925,0.092,0.153,0.357,0.1250057492029755,1.15,12.5,0.518,0.357,279,420,-141,15.5,5169,3652,1517
Cleveland Browns,2019,6,0.375,0,188200000,11826075,3404034,35727967,6562380,36723539,24112662,14396593,21268697,94243995,86431290,0.063,0.19,0.459,0.0399825451647184,5.07,4.0,0.501,0.459,335,393,-58,14.8,5455,3554,1901
Dallas Cowboys,2019,8,0.5,0,188200000,2903516,7258235,23195205,6115957,52928659,24047890,14935984,11759970,92401572,72641531,0.015,0.123,0.386,0.1230440860786397,27.55,12.3,0.491,0.386,434,321,113,10.3,6904,4751,2153
Denver Broncos,2019,7,0.438,0,188200000,6936162,4939853,4509420,7329076,26251247,32887968,7052588,19461415,49965758,89667175,0.037,0.024,0.476,0.258060929861849,10.09,25.81,0.265,0.476,282,316,-34,9.2,4777,3115,1662
Detroit Lions,2019,3,0.219,0,188200000,31930059,2307429,17465459,6730065,27129944,9609031,15306901,23637112,85562956,68657245,0.17,0.093,0.365,0.180551535600425,0.94,18.06,0.455,0.365,341,423,-82,12.0,5549,3900,1649
Houston Texans,2019,10,0.625,1,188200000,7833793,12744125,27327533,3376502,26680848,18363703,9961506,19735855,77962801,84093912,0.042,0.145,0.447,0.1389122582359192,12.77,13.89,0.414,0.447,378,385,-7,12.4,5792,3783,2009
Indianapolis Colts,2019,7,0.438,0,188200000,11793235,2907359,31309352,14444000,29040221,31084855,4862403,21669013,89494167,73398143,0.063,0.166,0.39,0.1344723166843783,5.94,13.45,0.476,0.39,361,373,-12,11.3,5238,3108,2130
Jacksonville Jaguars,2019,6,0.375,0,188200000,13149963,9322496,13956013,5508925,32106212,7443609,12613248,24220950,74043609,78377119,0.07,0.074,0.416,0.1901130286928798,4.56,19.01,0.393,0.416,300,397,-97,10.2,5468,3760,1708
Kansas City Chiefs,2019,12,0.75,1,188200000,9288808,6758058,25947032,12691900,30594087,13963072,11996608,9297683,85279885,57500734,0.049,0.138,0.306,0.2413357120085015,12.92,24.13,0.453,0.306,451,308,143,7.9,6067,4498,1569
Oakland Raiders,2019,7,0.438,0,188200000,25688481,8002165,14399349,5767514,40914105,10718493,8512658,9652415,94771614,54830949,0.136,0.077,0.291,0.2050873379383635,2.72,20.51,0.504,0.291,313,419,-106,9.7,5819,3926,1893
Los Angeles Chargers,2019,5,0.313,0,188200000,27064655,6477550,23608026,7014216,37523591,29172771,11889408,12377117,101688038,69597187,0.144,0.125,0.37,0.0898765940488841,1.85,8.99,0.54,0.37,337,345,-8,18.1,5879,4426,1453
Los Angeles Rams,2019,9,0.563,0,188200000,11765577,12126193,26412655,4228642,31811467,17851822,6129397,11806937,86344534,76174720,0.063,0.14,0.405,0.1364545483528161,7.65,13.65,0.459,0.405,394,364,30,13.0,5998,4499,1499
Miami Dolphins,2019,5,0.313,0,188200000,7119898,1989719,21269506,2790180,10059484,4005733,5737573,17524815,43228787,65007906,0.038,0.113,0.345,0.424884734325186,7.02,42.49,0.23,0.345,306,494,-188,13.7,4960,3804,1156
Minnesota Vikings,2019,10,0.625,1,188200000,29905000,4409766,22442158,6058384,24116130,23691333,12871959,27075664,86931438,93764455,0.159,0.119,0.498,0.0398730446333688,3.34,3.99,0.462,0.498,407,303,104,10.4,5656,3523,2133
New England Patriots,2019,12,0.75,1,188200000,22535204,12229419,18179022,2677268,23741152,10952860,19123431,18863654,79362065,83679528,0.12,0.097,0.445,0.1336791020191285,5.33,13.37,0.422,0.445,420,225,195,7.4,5664,3961,1703
New Orleans Saints,2019,13,0.813,1,188200000,26595000,3756693,13051443,6502176,42560951,14664025,20311789,16638197,92466263,66612168,0.141,0.069,0.354,0.154737348565356,4.89,15.47,0.491,0.354,458,341,117,4.0,5982,4244,1738
New York Giants,2019,4,0.25,0,188200000,28405163,8989981,16166352,8759798,26599108,10746861,14231925,5000958,88920402,45952216,0.151,0.086,0.244,0.2833548459086078,1.41,28.34,0.472,0.244,341,451,-110,17.8,5416,3731,1685
New York Jets,2019,7,0.438,0,188200000,9491711,11432801,19374147,3093662,35809241,6035480,25047180,22098745,79201562,82873341,0.05,0.103,0.44,0.138815605738576,7.37,13.88,0.421,0.44,276,359,-83,11.6,4368,3111,1257
Philadelphia Eagles,2019,9,0.563,1,188200000,14278779,5468274,19997045,7822805,36444965,11566811,7692784,9679240,84011868,66981511,0.076,0.106,0.356,0.1976972422954304,6.3,19.77,0.446,0.356,385,354,31,10.7,5772,3833,1939
Pittsburgh Steelers,2019,8,0.5,0,188200000,27991392,1766913,4570576,8105668,36091768,14409336,13056501,18112322,78526317,82676956,0.149,0.024,0.439,0.1434470085015941,2.86,14.34,0.417,0.439,289,303,-14,16.0,4428,2981,1447
San Francisco 49ers,2019,13,0.813,1,188200000,21532358,12516472,15349829,4258221,37558398,39706057,15326818,16769419,91215278,89757989,0.114,0.082,0.477,0.0383992189160466,6.04,3.84,0.485,0.477,479,310,169,12.0,6097,3792,2305
Seattle Seahawks,2019,11,0.688,1,188200000,26996766,5035413,12335319,6730075,33430896,21581217,27139216,4300635,84528469,68795252,0.143,0.066,0.366,0.1853149787460148,4.07,18.53,0.449,0.366,405,398,7,10.6,5991,3791,2200
Tampa Bay Buccaneers,2019,7,0.438,0,188200000,23770750,5056256,21803199,11313773,42981228,18583642,17521770,4962631,104925206,67607514,0.126,0.116,0.359,0.0832480340063761,2.94,8.32,0.558,0.359,458,449,9,20.2,6366,4845,1521
Tennessee Titans,2019,9,0.563,1,188200000,23283000,7319205,16140089,8786988,34514326,8743596,10915774,30531666,90043608,84231844,0.124,0.086,0.448,0.0739880340063762,3.87,7.4,0.478,0.448,402,331,71,8.6,5805,3582,2223
Washington Redskins,2019,3,0.188,0,188200000,29974202,8218621,9962196,17664279,32197919,18408787,3849469,22689383,98017217,63641067,0.159,0.053,0.338,0.1410293092454835,1.0,14.1,0.521,0.338,266,435,-169,11.9,4395,2812,1583
Green Bay Packers,2019,13,0.813,1,188200000,30060000,2275911,16313123,16508239,45779795,18915217,4713346,13575522,110937068,54910609,0.16,0.087,0.292,0.1187689851222104,4.32,11.88,0.589,0.292,376,313,63,6.8,5528,3733,1795
Arizona Cardinals,2018,3,0.188,0,177200000,5229993,6642019,21383544,8338914,16580007,22609536,12827408,16131635,58174477,67003426,0.03,0.121,0.378,0.2935784255079006,5.74,29.36,0.328,0.378,225,425,-200,15.0,3865,2523,1342
Atlanta Falcons,2018,7,0.438,0,177200000,22329200,7325063,24432270,2433131,40262172,11943939,8581239,26512595,96781836,62505177,0.126,0.138,0.353,0.1010890914221218,3.13,10.11,0.546,0.353,414,423,-9,10.7,6226,4653,1573
Baltimore Ravens,2018,10,0.625,1,177200000,27572118,3363334,12886087,4763673,21740115,11748483,10994045,26734432,70325327,75648935,0.156,0.073,0.427,0.1762174830699774,3.63,17.62,0.397,0.427,389,287,102,10.7,5999,3558,2441
Buffalo Bills,2018,6,0.375,0,177200000,4972932,12700103,3135006,10226000,13535618,18752548,8735891,7366816,44569659,61202359,0.028,0.018,0.345,0.4030924492099322,12.07,40.31,0.252,0.345,269,374,-105,15.5,4778,2794,1984
Carolina Panthers,2018,7,0.438,0,177200000,22245471,6826065,12594544,9312292,32444025,15594755,18109544,10046763,83422397,78214868,0.126,0.071,0.441,0.0878258182844243,3.15,8.78,0.471,0.441,376,382,-6,12.1,5972,3836,2136
Chicago Bears,2018,12,0.75,1,177200000,10598281,2865819,26134139,16862132,25838059,26108093,12062109,18514959,82298430,77139546,0.06,0.147,0.435,0.1002371557562076,11.32,10.02,0.464,0.435,421,283,138,13.2,5502,3564,1938
Cincinnati Bengals,2018,6,0.375,0,177200000,17198153,6168245,22333466,9109741,26761854,21586114,18408108,22735864,81571459,87432020,0.097,0.126,0.493,0.0462557618510157,3.49,4.63,0.46,0.493,368,455,-87,9.6,4972,3290,1682
Cleveland Browns,2018,7,0.469,0,177200000,24442360,5651728,19436865,7333699,34889282,13837156,21595019,18933305,91753934,62698387,0.138,0.11,0.354,0.1283729063205417,2.86,12.84,0.518,0.354,359,392,-33,11.4,5900,4007,1893
Dallas Cowboys,2018,10,0.625,1,177200000,1816903,7705768,17811897,2372304,43159686,30183328,18325353,5642991,72866558,64470684,0.01,0.101,0.364,0.2249591309255079,55.04,22.5,0.411,0.364,339,324,15,10.1,5501,3538,1963
Denver Broncos,2018,6,0.375,0,177200000,15706000,1963621,14510892,2980830,27685340,22060696,13626497,23101585,62846683,87051083,0.089,0.082,0.491,0.1540758126410835,3.82,15.41,0.355,0.491,329,349,-20,11.3,5602,3695,1907
Detroit Lions,2018,6,0.375,0,177200000,27560000,7708425,10261176,4771517,26454707,19866349,13152062,12942767,76755825,65917772,0.156,0.058,0.372,0.1948442607223476,2.18,19.48,0.433,0.372,324,360,-36,11.0,5236,3576,1660
Houston Texans,2018,11,0.688,1,177200000,4498746,8781571,22937792,3958681,21831728,20876470,10503200,32029767,62008518,94750075,0.025,0.129,0.535,0.1153578273137696,24.45,11.54,0.35,0.535,402,316,86,8.1,5802,3781,2021
Indianapolis Colts,2018,10,0.625,1,177200000,25722676,2083712,20549797,13375573,25098865,12518570,3849218,5307934,86830623,39543848,0.145,0.116,0.223,0.2868257844243792,3.89,28.68,0.49,0.223,433,344,89,13.2,6179,4461,1718
Jacksonville Jaguars,2018,5,0.313,0,177200000,10786333,12425774,17287457,4822038,28024882,1915141,11985485,27090280,73346484,101658353,0.061,0.098,0.574,0.012388053047404,4.64,1.24,0.414,0.574,245,316,-71,15.6,4832,3109,1723
Kansas City Chiefs,2018,12,0.75,1,177200000,6462373,3839568,13410657,12846159,35054355,30874001,6439413,5449388,71613112,77557237,0.036,0.076,0.438,0.158180874717833,18.57,15.82,0.404,0.438,565,421,144,10.5,6810,4955,1855
Oakland Raiders,2018,4,0.25,0,177200000,25915200,7694424,18652510,11533431,36376204,2352299,10206380,11492532,100171769,46981541,0.146,0.105,0.265,0.1695637133182843,1.54,16.96,0.565,0.265,290,467,-177,13.6,5379,3751,1628
Los Angeles Chargers,2018,12,0.75,1,177200000,23129200,4755413,25433190,7068484,27984393,22744570,6339835,17921985,88370680,72289486,0.131,0.144,0.408,0.0933399209932279,5.19,9.33,0.499,0.408,428,329,99,10.0,5962,4089,1873
Los Angeles Rams,2018,13,0.813,1,177200000,8767592,9038320,14151679,2758153,27763882,5284312,10912796,20726753,62479626,89612180,0.049,0.08,0.506,0.1416940970654627,14.83,14.17,0.353,0.506,527,384,143,9.8,6738,4507,2231
Miami Dolphins,2018,7,0.438,0,177200000,10507195,4122610,25766603,4425226,30559407,38276611,14286351,3678898,75381041,74718835,0.059,0.145,0.422,0.152935237020316,6.66,15.29,0.425,0.422,319,433,-114,12.5,4638,2900,1738
Minnesota Vikings,2018,8,0.531,0,177200000,26462000,8510220,15333845,9592122,26668316,18610741,18490720,22554099,86566503,93912714,0.149,0.087,0.53,-0.0185057392776524,3.02,-1.85,0.489,0.53,360,341,19,10.6,5529,4036,1493
New England Patriots,2018,11,0.688,1,177200000,23044200,7894058,15575488,16740476,20349864,12784037,12418619,15107401,83604086,71935935,0.13,0.088,0.406,0.1222346444695259,4.77,12.22,0.472,0.406,436,325,111,9.2,6295,4258,2037
New Orleans Saints,2018,13,0.813,1,177200000,26852600,7093841,12859196,7775068,35725330,20379299,14765854,8475586,90306035,58634998,0.152,0.073,0.331,0.1594749830699774,4.84,15.95,0.51,0.331,504,353,151,9.5,6067,4042,2025
New York Giants,2018,5,0.313,0,177200000,23411925,11329128,12265128,7070209,16351639,23401317,7366336,13155011,70428029,55656643,0.132,0.069,0.314,0.2884612189616253,2.14,28.85,0.397,0.314,369,412,-43,9.6,5697,4047,1650
New York Jets,2018,4,0.25,0,177200000,15760757,8070717,13044099,3861826,36847212,5967157,11918348,27956260,77584611,73119546,0.089,0.074,0.413,0.1495250733634311,2.54,14.95,0.438,0.413,333,441,-108,14.7,4787,3165,1622
Philadelphia Eagles,2018,9,0.563,1,177200000,21505365,5143228,16761079,7215415,35461396,20521371,7463300,5420767,86086483,69920806,0.121,0.095,0.395,0.1195976918735891,4.19,11.96,0.486,0.395,367,348,19,12.5,5845,4275,1570
Pittsburgh Steelers,2018,9,0.594,0,177200000,24607847,1545560,13094252,5891394,35090781,7627086,15162163,18261233,80229834,67198983,0.139,0.074,0.379,0.1680089334085779,3.66,16.8,0.453,0.379,428,360,68,14.3,6453,5008,1445
San Francisco 49ers,2018,4,0.25,0,177200000,38197259,8311842,18448916,3643398,33769652,16528345,8852841,18947503,102371067,57569769,0.216,0.104,0.325,0.0973993453724604,1.05,9.74,0.578,0.325,342,435,-93,17.1,5769,3867,1902
Seattle Seahawks,2018,10,0.625,1,177200000,24620964,4655724,20229810,3273982,22883379,5314490,26759580,7339007,75663859,71150471,0.139,0.114,0.402,0.1714766930022573,4.06,17.15,0.427,0.402,428,347,81,6.1,5653,3093,2560
Tampa Bay Buccaneers,2018,5,0.313,0,177200000,12616903,3981361,34124743,10224401,25173502,21624467,14813639,15212917,86120910,88612655,0.071,0.193,0.5,0.0139189334085778,3.96,1.39,0.486,0.5,396,464,-68,19.0,6648,5125,1523
Tennessee Titans,2018,9,0.563,0,177200000,9704446,6578378,8480482,11782366,33732729,19778901,12351575,20975177,70278401,91601760,0.055,0.048,0.517,0.086455073363431,9.27,8.65,0.397,0.517,310,303,7,10.2,5002,2975,2027
Washington Redskins,2018,7,0.438,0,177200000,22370588,6464791,11550945,16639653,35598047,17481245,6801489,21140054,92624024,62979553,0.126,0.065,0.355,0.1218759762979684,3.13,12.19,0.523,0.355,281,359,-78,11.2,4795,3021,1774
Green Bay Packers,2018,6,0.406,0,177200000,22071928,1581868,26709607,10835666,33058976,23692894,4603006,10277116,94258045,60913465,0.125,0.151,0.344,0.1243142776523702,2.72,12.43,0.532,0.344,376,400,-24,6.7,5905,4238,1667
Arizona Cardinals,2017,8,0.5,0,167000000,29489118,3666976,20439056,6097469,28917997,14486303,6172044,21047533,88610616,69412430,0.177,0.122,0.416,0.0537542155688622,2.71,5.38,0.531,0.416,295,361,-66,12.4,5026,3640,1386
Atlanta Falcons,2017,10,0.625,1,167000000,27422800,5928217,28103286,4019531,25953036,18256298,8512929,15535401,91426870,60170197,0.164,0.168,0.36,0.092233131736527,3.65,9.22,0.547,0.36,353,315,38,10.3,5837,3990,1847
Baltimore Ravens,2017,9,0.563,0,167000000,26742000,5270289,16212624,5393387,23346656,11289373,5332555,15031988,76964956,52415690,0.16,0.097,0.314,0.2252655928143712,3.37,22.53,0.461,0.314,395,303,92,8.9,4886,3030,1856
Buffalo Bills,2017,9,0.563,1,167000000,10238211,11190118,6496909,11467859,35796366,13718331,7077973,5801497,75189463,44609881,0.061,0.039,0.267,0.2826386586826347,8.79,28.26,0.45,0.267,302,359,-57,8.9,4842,2825,2017
Carolina Panthers,2017,11,0.688,1,167000000,22710632,11316345,7593965,15861068,22836833,14930437,27237850,6607630,80318843,76444787,0.136,0.045,0.458,0.061295628742515,4.84,6.13,0.481,0.458,363,327,36,11.7,5179,3077,2102
Chicago Bears,2017,5,0.313,0,167000000,21278625,2385295,14645439,10633090,31878770,16993112,11977212,17788027,80821219,68788639,0.127,0.088,0.412,0.1041325868263474,2.35,10.41,0.484,0.412,264,320,-56,12.1,4599,2811,1788
Cincinnati Bengals,2017,7,0.438,0,167000000,16798413,7569296,24430688,9413806,17262341,14384255,17613896,22900422,75474544,78228817,0.101,0.146,0.468,0.0796205928143712,4.17,7.96,0.452,0.468,290,349,-59,11.4,4488,3122,1366
Cleveland Browns,2017,0,0.0,0,167000000,2209957,4470494,5198547,3254760,41615803,9198852,21613135,7163759,56749561,47387501,0.013,0.031,0.284,0.3764247784431138,0.0,37.64,0.34,0.284,234,410,-176,21.0,4942,3228,1714
Dallas Cowboys,2017,9,0.563,0,167000000,1782314,7879602,26062634,16565097,23737956,17309055,13571954,10844663,76027603,49671305,0.011,0.156,0.297,0.2473119281437126,50.5,24.73,0.455,0.297,354,332,22,11.1,5311,3141,2170
Denver Broncos,2017,5,0.313,0,167000000,3920973,6090264,25054318,4832368,23704519,23398406,9388589,24273641,63602442,83945823,0.023,0.15,0.503,0.1164774550898203,12.75,11.65,0.381,0.503,289,382,-93,16.6,5185,3333,1852
Detroit Lions,2017,9,0.563,0,167000000,17047200,5553764,18671297,5529031,22993789,14892449,12040537,17917711,69795081,70959795,0.102,0.112,0.425,0.1571564311377244,5.28,15.72,0.418,0.425,410,376,34,11.9,5404,4183,1221
Houston Texans,2017,4,0.25,0,167000000,3855907,9441681,22653336,10632622,20476207,14975844,9833223,21425963,67059753,74660359,0.023,0.136,0.447,0.1513765748502993,10.37,15.14,0.402,0.447,338,436,-98,14.6,5120,3278,1842
Indianapolis Colts,2017,4,0.25,0,167000000,22129791,6704574,15603598,10039875,20295961,21252770,3079205,4398800,74773799,51166570,0.133,0.093,0.306,0.2458660538922155,1.81,24.59,0.448,0.306,263,404,-141,8.3,4553,2892,1661
Jacksonville Jaguars,2017,10,0.625,1,167000000,10071983,13724506,13512773,7480525,23902263,8251178,13216415,13849553,68692050,88173381,0.06,0.081,0.528,0.0606860419161676,9.93,6.07,0.411,0.528,417,268,149,11.1,5855,3593,2262
Kansas City Chiefs,2017,10,0.625,1,167000000,21205288,4243728,5474701,7192941,25611612,35949428,6576004,6828257,63728270,80379688,0.127,0.033,0.481,0.1370780958083832,4.72,13.71,0.382,0.481,415,339,76,6.3,6007,4104,1903
Oakland Raiders,2017,6,0.375,0,167000000,17066663,3913937,21228435,8513978,43010782,16020328,3913692,22873492,93733795,59098454,0.102,0.127,0.354,0.0848368323353292,3.52,8.48,0.561,0.354,301,373,-72,15.2,5185,3631,1554
Los Angeles Chargers,2017,9,0.563,0,167000000,19155000,5059879,20577484,8986982,21498674,23167189,5864393,9329846,75278019,61983927,0.115,0.123,0.371,0.1780721796407185,4.7,17.81,0.451,0.371,355,272,83,8.5,6026,4431,1595
Los Angeles Rams,2017,11,0.688,1,167000000,7755133,6953354,25219237,3237501,20306285,15841769,17897035,22147687,63471510,80136516,0.046,0.151,0.48,0.1400717005988023,14.18,14.01,0.38,0.48,478,329,149,9.5,5784,3831,1953
Miami Dolphins,2017,6,0.375,0,167000000,33058282,3310080,9776316,9519411,22688764,20091185,11883805,5758889,78352853,70373675,0.198,0.059,0.421,0.1094219880239522,1.81,10.94,0.469,0.421,281,393,-112,15.3,4923,3535,1388
Minnesota Vikings,2017,13,0.813,1,167000000,22523284,6109029,10830686,7988864,19431712,15647606,10635653,21360634,66883575,72958047,0.135,0.065,0.437,0.1626250179640718,5.77,16.26,0.401,0.437,382,252,130,7.6,5710,3753,1957
New England Patriots,2017,13,0.813,1,167000000,14476471,11010522,18838336,12917262,22196744,5229052,13278110,16603309,79439335,69329869,0.087,0.113,0.415,0.1091664431137724,8.98,10.92,0.476,0.415,458,296,162,6.9,6307,4418,1889
New Orleans Saints,2017,11,0.688,1,167000000,20365000,6649958,7172234,13281931,32749192,15826140,11368168,5035764,80218315,49047414,0.122,0.043,0.294,0.2259537185628741,5.4,22.6,0.48,0.294,448,326,122,9.1,6259,4189,2070
New York Giants,2017,3,0.188,0,167000000,21444105,6846041,14572454,4806305,21971246,26432590,11922152,27976841,69640151,83433062,0.128,0.087,0.5,0.0833939341317364,1.4,8.34,0.417,0.5,246,388,-142,11.3,5028,3479,1549
New York Jets,2017,5,0.313,0,167000000,8334184,10310192,8058956,2443262,29743163,5244382,5963101,16360022,58889757,64493785,0.05,0.048,0.386,0.2611763952095809,6.0,26.12,0.353,0.386,298,382,-84,11.1,4884,3182,1702
Philadelphia Eagles,2017,13,0.813,1,167000000,7948686,7712155,20433394,10106000,34671590,21800072,14705805,4361412,80871825,70564280,0.048,0.122,0.423,0.0931969760479042,16.35,9.32,0.484,0.423,457,295,162,9.4,5852,3737,2115
Pittsburgh Steelers,2017,13,0.813,1,167000000,21004781,13113454,17778997,3945253,39055012,8183830,6906583,11466541,94897497,54866039,0.126,0.106,0.329,0.1032123592814371,6.19,10.32,0.568,0.329,406,308,98,10.6,6047,4380,1667
San Francisco 49ers,2017,6,0.375,0,167000000,1280189,2825514,13826473,3831656,25604947,17957489,8945957,6441770,47368779,51692672,0.008,0.083,0.31,0.4068176586826346,46.87,40.68,0.284,0.31,331,383,-52,12.0,5587,3925,1662
Seattle Seahawks,2017,9,0.563,0,167000000,15443870,5565665,8724467,12553573,21118436,19887433,18261753,23142234,63406011,92077732,0.092,0.052,0.551,0.068959622754491,5.83,6.9,0.38,0.551,366,332,34,8.6,5286,3657,1629
Tampa Bay Buccaneers,2017,5,0.313,0,167000000,11738985,8969129,18804531,3178912,23495847,9762983,8819460,17764740,66187404,75068000,0.07,0.113,0.45,0.1541592574850299,4.26,15.42,0.396,0.45,335,382,-47,15.4,5814,4366,1448
Tennessee Titans,2017,9,0.563,1,167000000,10351646,8746428,19514493,7486458,17127063,23008834,9206570,15276846,63226088,82141242,0.062,0.117,0.492,0.1295369461077844,8.69,12.95,0.379,0.492,334,356,-22,12.6,5024,3191,1833
Washington Redskins,2017,7,0.438,0,167000000,27543600,4474359,10894949,11840649,34757110,17002208,8198492,24425407,89510667,68684955,0.165,0.065,0.411,0.0527208263473054,2.54,5.27,0.536,0.411,342,388,-46,12.6,5199,3751,1448
Green Bay Packers,2017,7,0.438,0,167000000,21034437,2394382,31564129,3754657,28553585,26170012,2563395,9272758,87301190,64446216,0.126,0.189,0.386,0.0913328982035928,3.33,9.13,0.523,0.386,320,384,-64,13.2,4891,3167,1724
Arizona Cardinals,2016,7,0.469,0,155270000,20967647,5171763,19073522,5942819,19298535,12115452,6216592,16623998,70454286,69870696,0.135,0.123,0.45,0.0962518065305596,3.34,9.63,0.454,0.45,418,362,56,14.2,5868,4136,1732
Atlanta Falcons,2016,11,0.688,1,155270000,25631100,1852741,21945916,5486900,21046268,20886504,10513747,6580038,75962925,46686387,0.165,0.141,0.301,0.2100900882333999,4.29,21.01,0.489,0.301,540,406,134,6.3,6653,4725,1928
Baltimore Ravens,2016,8,0.5,0,155270000,24056900,2492212,13619295,8561035,18007403,17109523,4802149,13055152,66736845,61123324,0.155,0.088,0.394,0.1765301152830554,3.33,17.65,0.43,0.394,343,321,22,10.5,5563,4100,1463
Buffalo Bills,2016,7,0.438,0,155270000,10286322,10305929,12971463,7994746,19315114,11436205,4326517,15208647,60873574,68021543,0.066,0.084,0.438,0.1698646422361047,6.81,16.99,0.392,0.438,399,378,21,6.8,5666,3036,2630
Carolina Panthers,2016,6,0.375,0,155270000,21450000,10958863,8550593,8019942,25130242,5907171,18305233,3505394,74109640,43449965,0.138,0.055,0.28,0.2428698074322148,2.8,24.29,0.477,0.28,369,402,-33,14.0,5499,3685,1814
Chicago Bears,2016,3,0.188,0,155270000,20140353,2164522,23144751,4465009,25002276,23295184,11928466,9703965,74916911,59212867,0.13,0.149,0.381,0.1361513621433632,1.49,13.62,0.482,0.381,279,399,-120,17.4,5704,3969,1735
Cincinnati Bengals,2016,6,0.406,0,155270000,14195413,7582248,17965568,4895878,26963355,15267615,15238247,20040214,71602462,77253653,0.091,0.116,0.498,0.0413079474463837,4.23,4.13,0.461,0.498,325,315,10,8.5,5711,3942,1769
Cleveland Browns,2016,1,0.063,0,155270000,11022385,2873269,8060225,3663632,20849784,1500998,6626100,23427666,46469295,45179011,0.071,0.052,0.291,0.4097487859857023,0.91,40.97,0.299,0.291,264,452,-188,13.3,4976,3264,1712
Dallas Cowboys,2016,13,0.813,1,155270000,23926148,9073966,19837501,9867494,21408752,10409388,15942586,20670361,84113861,59975411,0.154,0.128,0.386,0.0720082952276679,5.43,7.2,0.542,0.386,421,306,115,8.7,6027,3631,2396
Denver Broncos,2016,9,0.563,0,155270000,2261161,7652724,24631438,4002548,14289846,22787306,6341732,22329018,52837717,77818828,0.015,0.159,0.501,0.1585203516455207,39.8,15.85,0.34,0.501,333,297,36,11.6,5169,3685,1484
Detroit Lions,2016,9,0.563,1,155270000,23338824,3971695,17699492,6514242,17174595,8535944,13539421,8071148,68698848,50118437,0.15,0.114,0.323,0.2347698525149739,3.86,23.48,0.442,0.323,346,358,-12,9.0,5421,4111,1310
Houston Texans,2016,9,0.563,1,155270000,14412646,7911734,6448981,2062362,31103538,14197538,14400101,19939515,61939261,76803152,0.093,0.042,0.495,0.1064441746634894,6.24,10.64,0.399,0.495,279,328,-49,11.4,5035,3176,1859
Indianapolis Colts,2016,8,0.5,0,155270000,19980000,5551333,14669690,11144550,20978970,17579573,6160859,13866511,72324543,56398888,0.129,0.094,0.363,0.1709703677465059,4.0,17.1,0.466,0.363,411,392,19,12.2,5830,4202,1628
Jacksonville Jaguars,2016,3,0.188,0,155270000,10864196,5551588,14724668,11943324,23735090,7011441,11297021,16930497,66818866,76388441,0.07,0.095,0.492,0.0776884974560443,2.76,7.77,0.43,0.492,318,400,-82,13.6,5359,3728,1631
Kansas City Chiefs,2016,12,0.75,1,155270000,20232200,8036819,16078663,4923789,14976072,21124929,7381104,5252667,64247543,66745987,0.13,0.104,0.43,0.1563500354221678,5.93,15.64,0.414,0.43,389,311,78,9.0,5488,3740,1748
Oakland Raiders,2016,12,0.75,1,155270000,4623009,2818849,19361975,5870639,36972041,19443717,7072959,20847900,69646513,70829041,0.03,0.125,0.456,0.0952820635022864,25.96,9.53,0.449,0.456,416,385,31,7.2,5973,4051,1922
San Diego Chargers,2016,5,0.313,0,155270000,17180000,7117376,18017691,8274768,25663138,14930795,5378711,18462884,76252973,63330094,0.111,0.116,0.408,0.1010300315579313,2.91,10.1,0.491,0.408,410,423,-13,18.2,5708,4198,1510
Los Angeles Rams,2016,4,0.25,0,155270000,9453311,6684248,16984504,7779092,18948473,22337341,9904864,14857989,59849628,65631540,0.061,0.109,0.423,0.1918518194113478,4.23,19.19,0.385,0.423,224,394,-170,14.5,4203,2951,1252
Miami Dolphins,2016,10,0.625,1,155270000,13281182,1974686,6367688,11317299,28834646,24908290,8873417,12949485,61775501,76095802,0.086,0.041,0.49,0.1120544664133444,7.53,11.21,0.398,0.49,363,380,-17,11.1,5324,3500,1824
Minnesota Vikings,2016,8,0.5,0,155270000,12430538,13666191,8596564,7804564,32879606,16151461,11877574,16485260,75377463,69325885,0.08,0.055,0.446,0.0680534037483093,6.44,6.81,0.485,0.446,327,307,20,7.5,5041,3836,1205
New England Patriots,2016,14,0.875,1,155270000,15259305,5014925,17034672,12753868,26847155,14912527,13450124,4775449,76909925,51012769,0.098,0.11,0.329,0.1761274296386938,9.17,17.61,0.495,0.329,441,250,191,4.9,6180,4308,1872
New Orleans Saints,2016,7,0.438,0,155270000,18617300,4961190,5224319,5726719,19176356,9660901,9598215,4828050,53705884,45807316,0.12,0.034,0.295,0.3590957686610421,3.76,35.91,0.346,0.295,469,454,15,12.7,6816,5074,1742
New York Giants,2016,11,0.688,1,155270000,25595300,9665597,15930551,3014714,13382316,24753166,12393270,21773449,67588478,71657261,0.165,0.103,0.462,0.1032025568364783,4.3,10.32,0.435,0.462,310,284,26,13.0,5291,3879,1412
New York Jets,2016,5,0.313,0,155270000,10107898,5337110,20760335,2530923,27844419,2652225,10859069,24531901,66580685,67811048,0.065,0.134,0.437,0.134464268693244,4.95,13.45,0.429,0.437,275,409,-134,17.8,5268,3466,1802
Philadelphia Eagles,2016,7,0.438,0,155270000,9960643,10317028,4931355,6394996,33687976,19854836,12105117,7119979,65291998,60373792,0.064,0.032,0.389,0.1906627809621948,7.03,19.07,0.421,0.389,367,331,36,11.2,5398,3585,1813
Pittsburgh Steelers,2016,11,0.688,1,155270000,25334805,4433346,16885326,4133728,28392364,10044940,20449321,6603699,79179569,58583793,0.163,0.109,0.377,0.1127496489985186,4.34,11.27,0.51,0.377,399,327,72,9.9,5962,4202,1760
San Francisco 49ers,2016,2,0.125,0,155270000,23694507,3028926,11876072,5615042,16923639,13678890,16215848,9075198,61138186,59774666,0.153,0.076,0.385,0.2212735750627938,0.84,22.13,0.394,0.385,309,480,-171,10.7,4930,2911,2019
Seattle Seahawks,2016,10,0.656,1,155270000,18997000,2236171,13750952,12684653,6307577,17312549,15426110,20642727,53976353,76963355,0.122,0.089,0.496,0.1566966703162233,5.26,15.67,0.348,0.496,354,292,62,9.7,5715,4124,1591
Tampa Bay Buccaneers,2016,9,0.563,0,155270000,8192029,9960806,20084145,4575686,28332177,14390783,15028993,21537490,71144843,75116731,0.053,0.129,0.484,0.0580178141302247,10.99,5.8,0.458,0.484,354,369,-15,14.8,5542,3926,1616
Tennessee Titans,2016,9,0.563,0,155270000,7534058,7603960,14852328,10992080,21398613,17193846,8042363,13084964,62381039,64059854,0.049,0.096,0.413,0.1856708121337026,11.95,18.57,0.402,0.413,381,378,3,9.8,5728,3541,2187
Washington Redskins,2016,8,0.531,0,155270000,22237334,2428948,23519793,8387911,26070817,11615247,4179207,10733385,82644803,44087823,0.143,0.151,0.284,0.1837919366265215,3.6,18.38,0.532,0.284,396,383,13,11.4,6454,4758,1696
Green Bay Packers,2016,10,0.625,1,155270000,19910320,4891731,20545094,3544204,20810535,32922762,1857299,16459880,69701884,76265196,0.128,0.132,0.491,0.0599144715656597,5.02,5.99,0.449,0.491,432,388,44,9.1,5900,4199,1701
Arizona Cardinals,2015,13,0.813,1,143280000,11834168,2946734,16186291,5182957,29469242,5601270,9462857,22409565,65619392,65599444,0.083,0.113,0.458,0.0841789782244555,10.99,8.42,0.458,0.458,489,313,176,11.8,6533,4616,1917
Atlanta Falcons,2015,8,0.5,0,143280000,20208674,2086750,23948138,2839587,15191609,11391348,6048588,5104050,64274758,44245812,0.141,0.167,0.309,0.2425979201563373,3.96,24.26,0.449,0.309,339,345,-6,17.2,5985,4379,1606
Baltimore Ravens,2015,5,0.313,0,143280000,16944412,2913788,9824791,8910235,20756704,14548637,7764297,7299764,59349930,53107002,0.118,0.069,0.371,0.2151247068676717,2.95,21.51,0.414,0.371,328,401,-73,14.0,5749,4271,1478
Buffalo Bills,2015,8,0.5,0,143280000,3732738,7707163,12781663,5735146,15086305,27384012,7282129,16809630,45043015,73960487,0.026,0.089,0.516,0.1694339614740369,21.43,16.94,0.314,0.516,379,359,20,8.6,5775,3343,2432
Carolina Panthers,2015,15,0.938,1,143280000,15429000,9847396,8456702,8146666,21230527,23632158,18067227,4940895,63110291,58317100,0.108,0.059,0.407,0.1525168132328308,9.72,15.25,0.44,0.407,500,308,192,9.6,5871,3589,2282
Chicago Bears,2015,6,0.375,0,143280000,16725388,11448751,12781274,7560294,17921204,17841113,4210126,6925380,66436911,42870605,0.117,0.089,0.299,0.2371055555555555,3.59,23.71,0.464,0.299,335,397,-62,11.2,5514,3660,1854
Cincinnati Bengals,2015,12,0.75,1,143280000,10238778,4040770,18726078,3962305,26041777,11753976,20598622,16808890,63009708,71440938,0.071,0.131,0.499,0.0616230737018426,11.72,6.16,0.44,0.499,419,279,140,9.3,5728,3923,1805
Cleveland Browns,2015,3,0.188,0,143280000,8093954,1964338,14792090,5193030,27241456,14097291,9223625,23514408,57284868,73630463,0.056,0.103,0.514,0.0862972431602455,3.71,8.63,0.4,0.514,278,432,-154,15.2,5311,3782,1529
Dallas Cowboys,2015,4,0.25,0,143280000,16983000,3636824,11395882,8455213,17609241,16676513,12864734,24161659,58080160,62167610,0.119,0.08,0.434,0.1607497906197654,2.36,16.07,0.405,0.434,275,374,-99,18.0,5361,3471,1890
Denver Broncos,2015,12,0.75,1,143280000,19067139,2115642,23083075,7984142,25231140,21029315,3297368,13543730,77481138,58956946,0.133,0.161,0.411,0.0477520658849804,6.29,4.78,0.541,0.411,355,296,59,15.1,5688,3970,1718
Detroit Lions,2015,7,0.438,0,143280000,18498450,5554369,25484600,7702332,10416454,11899684,13578562,5062376,67656205,51590646,0.129,0.178,0.36,0.167735545784478,3.78,16.77,0.472,0.36,358,400,-42,12.3,5547,4212,1335
Houston Texans,2015,9,0.563,1,143280000,6357837,10875801,6411093,5702571,22553824,9018355,12609806,23059240,51901126,70097140,0.044,0.045,0.489,0.148532481853713,14.16,14.85,0.362,0.489,339,313,26,9.8,5564,3833,1731
Indianapolis Colts,2015,8,0.5,0,143280000,10966900,5547765,13153178,4034629,14365795,24983566,10511983,21055447,48068267,77287840,0.077,0.092,0.539,0.1250969639865996,7.29,12.51,0.335,0.539,333,408,-75,14.4,5142,3704,1438
Jacksonville Jaguars,2015,5,0.313,0,143280000,8194273,5564721,7847093,16447200,24810232,12025078,13628224,9416089,62863519,62801436,0.057,0.055,0.438,0.122941408431044,6.1,12.29,0.439,0.438,376,448,-72,14.0,5581,4108,1473
Kansas City Chiefs,2015,11,0.688,1,143280000,21476940,9656539,6172669,2273413,16685651,13645289,8095994,11077574,56265212,58748398,0.15,0.043,0.41,0.1972807788944723,5.12,19.73,0.393,0.41,405,287,118,7.1,5299,3255,2044
Oakland Raiders,2015,7,0.438,0,143280000,1918064,3907750,12243561,4799545,31155998,13003817,12767283,4515992,54024918,55447012,0.013,0.085,0.387,0.2359580541596873,36.5,23.6,0.377,0.387,359,399,-40,10.3,5336,3879,1457
San Diego Chargers,2015,4,0.25,0,143280000,23002368,7201545,8556430,10790590,18814927,4619834,10188872,9571186,68365860,50330015,0.161,0.06,0.351,0.171580995254048,1.74,17.16,0.477,0.351,320,398,-78,12.4,5949,4591,1358
St. Louis Rams,2015,7,0.438,0,143280000,5218449,4573838,11865185,15475441,18702572,37018755,10685780,4293600,55835485,70535526,0.036,0.083,0.492,0.1180136027359017,13.41,11.8,0.39,0.492,280,330,-50,10.2,4761,2805,1956
Miami Dolphins,2015,6,0.375,0,143280000,7625864,2623010,7039908,6819535,23159445,18738508,9272473,14670090,47267762,65162385,0.053,0.049,0.455,0.2153116485203796,7.87,21.53,0.33,0.455,310,389,-79,9.6,5307,3811,1496
Minnesota Vikings,2015,11,0.688,1,143280000,5245038,16960950,15700531,8705993,29660487,15465984,11870684,14643487,76272999,57654211,0.037,0.11,0.402,0.0652763121161361,20.97,6.53,0.532,0.402,365,302,63,9.3,5139,2928,2211
New England Patriots,2015,12,0.75,1,143280000,14791795,4340249,16040318,12066813,21165260,12837644,12503493,4536710,68404435,49287015,0.103,0.112,0.344,0.1785912199888331,8.11,17.86,0.477,0.344,465,315,150,5.7,5991,4587,1404
New Orleans Saints,2015,7,0.438,0,143280000,25358586,5692821,9440930,3887942,18404737,5489433,10157172,9757823,62785016,41384422,0.177,0.066,0.289,0.2729659547738693,2.76,27.3,0.438,0.289,408,476,-68,10.4,6461,4970,1491
New York Giants,2015,6,0.375,0,143280000,15240800,6883801,14975789,1889705,23070742,13672478,10989660,17527051,62060837,50649979,0.106,0.105,0.354,0.2133527638190955,3.94,21.34,0.433,0.354,420,442,-22,11.3,5952,4343,1609
New York Jets,2015,10,0.625,0,143280000,5192407,6431875,20552089,4191281,33201673,3696387,10546255,31508947,69569325,71946695,0.036,0.143,0.502,0.0123114182021217,19.26,1.23,0.486,0.502,387,314,73,11.6,5925,4057,1868
Philadelphia Eagles,2015,7,0.438,0,143280000,17392354,12012071,9224526,6878554,23951203,16527523,8452587,13900914,69458708,58714756,0.121,0.064,0.41,0.1054336683417085,4.02,10.54,0.485,0.41,377,430,-53,15.3,5830,4087,1743
Pittsburgh Steelers,2015,10,0.625,1,143280000,20358139,3265082,10701027,6131594,18800947,7727575,13207206,13377624,59256789,54430657,0.142,0.075,0.38,0.2065365298715801,4.91,20.65,0.414,0.38,423,319,104,13.7,6327,4603,1724
San Francisco 49ers,2015,5,0.313,0,143280000,17234471,4458248,13805614,2762661,19757909,11474979,10783706,6467970,58018903,44198567,0.12,0.096,0.308,0.286589405360134,2.9,28.66,0.405,0.308,238,387,-149,8.2,4860,3316,1544
Seattle Seahawks,2015,10,0.625,1,143280000,8554868,10635847,9888081,10063162,12810650,18100443,12650324,15557555,51952608,69801981,0.06,0.069,0.487,0.1502331867671691,11.69,15.02,0.363,0.487,423,277,146,8.6,6058,3790,2268
Tampa Bay Buccaneers,2015,6,0.375,0,143280000,5965886,5081515,18129732,4336557,20141348,5445509,12188387,8260432,53655038,53951595,0.042,0.127,0.377,0.2489765982691234,10.06,24.9,0.374,0.377,342,417,-75,14.8,6014,3852,2162
Tennessee Titans,2015,3,0.188,0,143280000,5017020,5286810,8113034,10447500,11157861,10312803,6083453,15939246,40022225,66396089,0.035,0.057,0.463,0.2572702819653825,5.98,25.73,0.279,0.463,299,423,-124,16.2,4988,3503,1485
Washington Redskins,2015,9,0.563,1,143280000,8997885,3242342,24335809,5451490,27764389,9316339,7356014,10756352,69791915,54857253,0.063,0.17,0.383,0.1300309324399776,10.0,13.0,0.487,0.383,388,379,9,11.1,5661,4095,1566
Green Bay Packers,2015,10,0.625,1,143280000,20090908,2917044,13021509,3295825,21065314,35680871,1045193,13207797,60390600,71357304,0.14,0.091,0.498,0.080486432160804,4.98,8.05,0.421,0.498,368,323,45,8.9,5353,3503,1850
Arizona Cardinals,2014,11,0.688,1,133000000,16676701,2653397,14667325,4410632,13774076,9394096,6943566,16867423,52182131,62504140,0.125,0.11,0.47,0.1376972105263157,6.6,13.77,0.392,0.47,310,299,11,9.4,5116,3808,1308
Atlanta Falcons,2014,6,0.375,0,133000000,18576474,6980028,17966288,1247246,26480666,9969271,7666852,5342576,71250702,45006263,0.14,0.135,0.338,0.1258874812030075,3.23,12.59,0.536,0.338,381,417,-36,13.1,6051,4553,1498
Baltimore Ravens,2014,10,0.625,1,133000000,15578427,1891185,6901832,4991340,17657641,14137592,5493818,11857910,47020425,58063611,0.117,0.052,0.437,0.2098944661654135,6.42,20.99,0.354,0.437,409,302,107,9.9,5838,3819,2019
Buffalo Bills,2014,9,0.563,0,133000000,6126486,11520979,6857046,3098194,19208595,23537100,12589051,12531233,46811300,69766753,0.046,0.052,0.525,0.1234732857142857,14.69,12.35,0.352,0.525,343,289,54,11.2,5096,3614,1482
Carolina Panthers,2014,7,0.469,1,133000000,8743113,11891700,4162200,9273200,16431582,26696480,9299071,1839412,50501795,49285386,0.066,0.031,0.371,0.2497204436090225,8.01,24.97,0.38,0.371,339,374,-35,11.8,5547,3511,2036
Chicago Bears,2014,5,0.313,0,133000000,19219118,9580845,12299126,7234947,16590321,14352349,10686451,11742197,64924357,45450963,0.145,0.092,0.342,0.1701103759398496,2.6,17.01,0.488,0.342,319,442,-123,16.1,5233,3792,1441
Cincinnati Bengals,2014,10,0.656,1,133000000,10928123,3654864,10856116,8253862,19718975,14597786,13702366,17739200,53411940,68734084,0.082,0.082,0.517,0.0816088421052632,9.15,8.16,0.402,0.517,365,344,21,13.1,5568,3421,2147
Cleveland Browns,2014,7,0.438,0,133000000,2807980,1529301,10771737,4683350,30648671,13935899,7257125,17398562,50441039,62560768,0.021,0.081,0.47,0.1503623533834586,24.93,15.04,0.379,0.47,299,337,-38,10.9,5193,3465,1728
Dallas Cowboys,2014,12,0.75,1,133000000,12764666,2815945,5655361,9965144,21402763,5288895,10078315,21287488,52603879,46696878,0.096,0.043,0.351,0.2533777669172932,9.4,25.34,0.396,0.351,467,352,115,12.8,6138,3784,2354
Denver Broncos,2014,12,0.75,1,133000000,18629094,2748063,18771159,3669295,25225932,18552790,3982315,15320403,69043543,52397991,0.14,0.141,0.394,0.0869057593984962,6.44,8.69,0.519,0.394,482,354,128,9.6,6446,4661,1785
Detroit Lions,2014,11,0.688,1,133000000,17031668,6083043,18606777,5509002,11871158,10114648,13479446,4023173,59101648,60953869,0.128,0.14,0.458,0.097326939849624,6.46,9.73,0.444,0.458,321,282,39,9.5,5452,4030,1422
Houston Texans,2014,9,0.563,0,133000000,4907663,9457433,19869037,4412445,22861050,8070107,8574142,17795552,61507628,45681771,0.037,0.149,0.343,0.1940646691729324,18.34,19.41,0.462,0.343,372,307,65,11.3,5513,3352,2161
Indianapolis Colts,2014,11,0.688,1,133000000,9779454,4019936,11976863,2894739,16559625,16302457,7916347,15753451,45230617,66042328,0.074,0.09,0.497,0.1633613157894737,11.25,16.34,0.34,0.497,458,369,89,14.6,6506,4894,1612
Jacksonville Jaguars,2014,3,0.188,0,133000000,9554830,6308882,8703307,10592682,15825958,17144223,13828131,4986002,50985659,50664666,0.072,0.065,0.381,0.235711842105263,3.14,23.57,0.383,0.381,249,412,-163,12.8,4634,3001,1633
Kansas City Chiefs,2014,9,0.563,0,133000000,8786939,11495196,17692219,6165390,12179435,16416918,7815650,8579227,56319179,61931789,0.066,0.133,0.466,0.1108949774436089,10.24,11.09,0.423,0.466,353,281,72,9.2,5100,3182,1918
Oakland Raiders,2014,3,0.188,0,133000000,9471691,6996329,9015614,1400205,17354097,14641333,5264934,11631671,44237936,53170196,0.071,0.068,0.4,0.2676080300751879,3.17,26.76,0.333,0.4,253,452,-199,13.6,4515,3275,1240
San Diego Chargers,2014,9,0.563,0,133000000,17856766,8605886,10851816,9315091,19973727,12045271,6024227,6186511,66603286,44575962,0.134,0.082,0.335,0.1640658045112781,5.04,16.41,0.501,0.335,348,348,0,12.6,5465,4098,1367
St. Louis Rams,2014,6,0.375,0,133000000,19930000,3635133,7489962,8642056,26264010,21708707,13272617,3599498,65961161,54835442,0.15,0.056,0.412,0.0917548646616541,3.01,9.18,0.496,0.412,324,354,-30,14.0,5035,3400,1635
Miami Dolphins,2014,8,0.5,0,133000000,9024346,5275190,28597229,2453213,19150146,16269884,19901899,12603136,64500124,64619361,0.068,0.215,0.486,0.0291768045112782,8.86,2.92,0.485,0.486,388,373,15,10.5,5601,3729,1872
Minnesota Vikings,2014,7,0.438,0,133000000,10278077,13954903,10289462,3870027,24118962,16318199,13041933,7924243,62511431,51042926,0.077,0.077,0.384,0.1462078421052631,6.81,14.62,0.47,0.384,325,343,-18,10.8,5048,3244,1804
New England Patriots,2014,12,0.75,1,133000000,15446036,4537291,13923556,7369559,15395126,5631786,12844605,15181481,56671568,52768159,0.116,0.105,0.397,0.1771449097744361,7.77,17.71,0.426,0.397,468,313,155,7.2,5848,4121,1727
New Orleans Saints,2014,7,0.438,0,133000000,19064118,5399617,12178739,6269241,25334966,5228215,10041920,8305918,68246681,41525556,0.143,0.092,0.312,0.1746448345864661,3.67,17.46,0.513,0.312,401,424,-23,16.7,6582,4764,1818
New York Giants,2014,6,0.375,0,133000000,21008400,5120134,12922572,2083825,19002962,6942313,14546482,11998314,60137893,54025747,0.158,0.097,0.406,0.1416267669172932,2.86,14.16,0.452,0.406,380,400,-20,12.4,5875,4272,1603
New York Jets,2014,4,0.25,0,133000000,5402878,6138225,15118083,3321133,27006154,7897645,9264790,7604495,56986473,36840031,0.041,0.114,0.277,0.2945375639097745,7.4,29.45,0.428,0.277,283,401,-118,11.8,5226,2946,2280
Philadelphia Eagles,2014,10,0.625,0,133000000,3772237,16415834,10693053,5720045,29339566,17791018,10285319,13632290,65940735,55400510,0.028,0.08,0.417,0.0876598120300752,26.51,8.77,0.496,0.417,474,400,74,17.2,6348,4356,1992
Pittsburgh Steelers,2014,11,0.688,1,133000000,21333138,1669039,7942649,7847766,14731514,13428435,15222160,13352245,53524106,62115075,0.16,0.06,0.467,0.1305324736842106,5.16,13.05,0.402,0.467,436,368,68,11.5,6577,4825,1752
San Francisco 49ers,2014,8,0.5,0,133000000,6114325,8372771,14014025,9364040,22908605,9959422,14238165,7623157,60773766,53721253,0.046,0.105,0.404,0.1391351954887218,13.08,13.91,0.457,0.404,306,340,-34,11.8,5239,3063,2176
Seattle Seahawks,2014,12,0.75,1,133000000,2227438,9949013,6213265,7351109,23339609,14437175,11003673,6488073,49080434,58630348,0.017,0.047,0.441,0.1901444962406014,53.87,19.01,0.369,0.441,394,254,140,6.9,6012,3250,2762
Tampa Bay Buccaneers,2014,2,0.125,0,133000000,5512169,3929661,17087432,4133809,20487478,14179861,4809468,12689893,51150549,68925711,0.041,0.128,0.518,0.097170977443609,3.63,9.72,0.385,0.518,277,410,-133,17.2,4672,3297,1375
Tennessee Titans,2014,2,0.125,0,133000000,6035575,6896110,9394069,8033603,26321377,9059903,6628324,10683260,56680734,54568240,0.045,0.071,0.41,0.1635415488721804,3.31,16.35,0.426,0.41,254,438,-184,12.6,4859,3412,1447
Washington Redskins,2014,4,0.25,0,133000000,7082926,2678257,18448822,3831981,26783400,15092287,5082772,7461353,58825386,53062775,0.053,0.139,0.399,0.1587356315789473,5.65,15.87,0.442,0.399,301,438,-137,15.6,5738,4047,1691
Green Bay Packers,2014,12,0.75,1,133000000,19273750,2878903,9395943,2464445,18882444,23761153,11140825,19240070,52895485,69178273,0.145,0.071,0.52,0.0821521954887218,6.23,8.22,0.398,0.52,486,348,138,7.1,6178,4261,1917
Philadelphia Eagles,2013,10,0.625,1,123600000,13385137,10203112,19241989,5509036,25664899,10241101,10004817,6032738,74004173,38463480,0.108,0.156,0.311,0.0900675323624595,7.47,9.01,0.599,0.311,442,382,60,9.0,6676,4110,2566
Arizona Cardinals,2013,10,0.625,0,123600000,6172993,5306754,15022466,4425078,19171690,5347625,7964030,10407900,50098981,47027173,0.05,0.122,0.38,0.2141896925566342,16.2,21.42,0.405,0.38,379,324,55,15.5,5542,4002,1540
Atlanta Falcons,2013,4,0.25,0,123600000,10920140,6293062,17406642,6938146,16464048,8139270,8433728,9276181,58022038,42905867,0.088,0.141,0.347,0.1834311893203883,3.66,18.34,0.469,0.347,353,443,-90,14.5,5490,4243,1247
Seattle Seahawks,2013,13,0.813,1,123600000,1557085,10799653,16831423,12778788,27955261,25013832,7377232,3507877,69922210,52180069,0.013,0.136,0.422,0.0121174838187703,83.49,1.21,0.566,0.422,417,231,186,9.3,5424,3236,2188
Baltimore Ravens,2013,8,0.5,0,123600000,7381327,7936927,7986810,3966000,16354916,19320572,4593000,10949281,43625980,55951648,0.06,0.065,0.453,0.1943557605177993,10.84,19.44,0.353,0.453,320,352,-32,13.5,4918,3590,1328
Buffalo Bills,2013,6,0.375,0,123600000,4663940,8362867,8979223,4489668,14455361,13270000,5414838,7069748,40951059,52869049,0.038,0.073,0.428,0.240937637540453,12.86,24.09,0.331,0.428,339,388,-49,12.1,5410,3103,2307
Tennessee Titans,2013,7,0.438,0,123600000,6336958,15376098,12686896,6979500,26721984,8776293,5740835,9602477,68101436,41393199,0.051,0.103,0.335,0.1141210760517799,11.05,11.41,0.551,0.335,362,381,-19,11.4,5390,3496,1894
Carolina Panthers,2013,12,0.75,1,123600000,7579454,9290450,11041036,4325000,18981126,11629844,12335911,3244456,51217066,38946216,0.061,0.089,0.315,0.2705236084142395,15.83,27.05,0.414,0.315,366,241,125,9.4,5069,3043,2026
Chicago Bears,2013,8,0.5,0,123600000,11276471,12036166,16580067,2495000,10071052,18744765,12510915,15375000,52458756,61432297,0.091,0.134,0.497,0.078551351132686,7.09,7.86,0.424,0.497,445,478,-33,12.1,6109,4281,1828
Denver Broncos,2013,13,0.813,1,123600000,18716295,5070632,10120554,8013902,25550424,10234767,8030669,17559225,67471807,48599145,0.151,0.082,0.393,0.0609146278317151,6.95,6.09,0.546,0.393,606,399,207,10.4,7317,5444,1873
Cincinnati Bengals,2013,11,0.688,1,123600000,2881583,5750703,8730272,5005166,22390147,24778885,8370673,16118302,44757871,69081790,0.023,0.071,0.559,0.078967144012945,38.17,7.9,0.362,0.559,430,305,125,14.9,5891,4136,1755
Cleveland Browns,2013,4,0.25,0,123600000,4171299,2200883,5666354,2620527,23789034,14276906,7765000,10928931,38448097,55169110,0.034,0.046,0.446,0.2425792313915857,9.59,24.26,0.311,0.446,308,406,-98,13.8,5423,4040,1383
New York Giants,2013,7,0.438,0,123600000,21998400,5036739,8677626,2998913,24235900,9523813,7916847,11202110,62947578,46466755,0.178,0.07,0.376,0.1147707686084142,3.18,11.48,0.509,0.376,294,383,-89,20.1,4920,3588,1332
Dallas Cowboys,2013,8,0.5,0,123600000,13818982,2257011,8120768,5623758,19470710,20864805,7285429,12623808,49291229,48533831,0.112,0.066,0.393,0.2085351132686084,5.79,20.85,0.399,0.393,439,432,7,9.8,5458,3954,1504
Houston Texans,2013,2,0.125,0,123600000,11756250,10825134,14247672,6948519,18690874,3770636,7593313,16655776,62468449,51223006,0.095,0.115,0.414,0.0801662216828478,1.7,8.02,0.505,0.414,276,428,-152,14.9,5556,3813,1743
Detroit Lions,2013,7,0.438,0,123600000,21556666,3987009,15383546,4207277,12601451,7814297,10468126,6133807,57735949,43846123,0.174,0.124,0.355,0.1781385760517799,3.25,17.81,0.467,0.355,395,376,19,17.3,6274,4482,1792
New Orleans Saints,2013,11,0.688,1,123600000,18193235,9159749,11679433,3245951,18150025,14326594,11034166,11598369,60428393,53405091,0.147,0.094,0.432,0.0790171197411002,6.05,7.9,0.489,0.432,414,304,110,8.3,6391,4918,1473
Indianapolis Colts,2013,11,0.688,1,123600000,8626545,7195732,11908481,2615661,18601449,16498650,4492779,9596407,48947868,57051461,0.07,0.096,0.462,0.1424002508090615,12.75,14.24,0.396,0.462,391,336,55,6.9,5468,3725,1743
Jacksonville Jaguars,2013,4,0.25,0,123600000,8347588,9012941,6832868,7160882,14812080,9323215,13544999,3572072,46166359,33683922,0.068,0.055,0.273,0.3539621278317152,4.79,35.4,0.374,0.273,247,449,-202,13.8,4701,3441,1260
Minnesota Vikings,2013,5,0.344,0,123600000,8470554,15752460,10378281,4582245,20329032,24552100,13577945,4206849,59512572,59584398,0.069,0.084,0.482,0.036432281553398,5.9,3.64,0.481,0.482,391,480,-89,14.9,5508,3427,2081
Kansas City Chiefs,2013,11,0.688,1,123600000,10708333,5379755,8668150,3435650,20708982,17451636,5081500,13096878,48900870,62640728,0.087,0.07,0.507,0.0975598867313916,10.27,9.76,0.396,0.507,430,305,125,9.1,5396,3340,2056
Oakland Raiders,2013,4,0.25,0,123600000,1146517,11735884,4609651,1496363,10275023,2078750,6548030,6782330,29263438,27324916,0.009,0.037,0.221,0.5421654207119742,34.89,54.22,0.237,0.221,322,453,-131,14.9,5340,3340,2000
San Diego Chargers,2013,9,0.563,1,123600000,15996516,5201250,10926398,8795715,17428226,13838120,4555052,4839588,58348105,40964620,0.129,0.088,0.331,0.1964989886731392,5.63,19.65,0.472,0.331,396,348,48,11.4,6293,4328,1965
St. Louis Rams,2013,7,0.438,0,123600000,13705176,2637944,5479738,6217555,19240160,13967275,15711252,17453159,47280573,60152973,0.111,0.044,0.487,0.1307965533980583,5.11,13.08,0.383,0.487,348,364,-16,11.4,4877,3125,1752
Miami Dolphins,2013,8,0.5,0,123600000,5859205,2412352,8242874,6007127,17575011,11848139,9006508,13351955,40096569,55177858,0.047,0.067,0.446,0.2291713025889967,13.65,22.92,0.324,0.446,317,335,-18,13.4,5007,3567,1440
San Francisco 49ers,2013,12,0.75,1,123600000,2897535,9182062,16963177,10569598,17581156,10194288,7666512,13185741,57193528,52771979,0.023,0.137,0.427,0.1103114320388349,41.41,11.03,0.463,0.427,406,272,134,9.0,5180,2979,2201
New York Jets,2013,8,0.5,0,123600000,14759018,4154535,12811933,2593765,20679882,4476989,15203295,13025418,54999133,41181649,0.119,0.104,0.333,0.2218383333333333,5.42,22.18,0.445,0.333,290,387,-97,14.8,5090,2932,2158
New England Patriots,2013,12,0.75,1,123600000,14603953,3682367,8749814,4150882,22775490,6420702,10801171,8618787,53962506,48396813,0.118,0.071,0.392,0.1718501699029127,8.22,17.19,0.437,0.392,444,338,106,10.0,6152,4087,2065
Green Bay Packers,2013,8,0.531,1,123600000,13013000,2429420,10223980,11341695,17211503,12650974,9100786,13957143,54219598,56509371,0.105,0.083,0.457,0.1041345550161811,6.15,10.41,0.439,0.457,417,428,-11,12.4,6404,4268,2136
Pittsburgh Steelers,2013,8,0.5,0,123600000,15393138,2549641,8799844,9207474,10836255,12823812,9155304,11069889,46786352,62116170,0.125,0.071,0.503,0.1189116343042071,5.2,11.89,0.379,0.503,379,370,9,12.7,5400,4017,1383
Washington Redskins,2013,3,0.188,0,123600000,5972967,2212882,19735321,4645357,20025614,9152416,10476684,7102431,52592141,45578999,0.048,0.16,0.369,0.2057351132686085,5.02,20.57,0.426,0.369,334,478,-144,16.6,5915,3751,2164
Tampa Bay Buccaneers,2013,4,0.25,0,123600000,1184375,4644753,13444505,2393504,25305673,5032152,5804388,19521921,46972810,58165933,0.01,0.109,0.471,0.1493629207119741,33.77,14.94,0.38,0.471,288,389,-101,9.6,4432,2820,1612
